category,name,addr,website,website_domain,maps,phone,brand,lat,lon,osm_type,osm_id
shop=clothes,& Other Stories,Grafton Street Dublin,https://www.stories.com,stories.com,"https://www.google.com/maps/search/?api=1&query=53.3416662,-6.2600273",,& Other Stories,53.3416662,-6.2600273,node,5316314921
shop=clothes,A Store Is Born,34 Clarendon Street Dublin,https://www.astoreisborn.ie/,astoreisborn.ie,"https://www.google.com/maps/search/?api=1&query=53.3411597,-6.2622932",,,53.3411597,-6.2622932,node,12093934889
shop=clothes,ASHA,St. Stephen's Green Dublin,https://www.stephensgreen.com/dublin-shops/asha/,stephensgreen.com,"https://www.google.com/maps/search/?api=1&query=53.3399449,-6.2614642",,,53.3399449,-6.2614642,node,677596880
shop=clothes,Abrahams,17A Anne Street South Dublin,https://www.menswear.ie/,menswear.ie,"https://www.google.com/maps/search/?api=1&query=53.3410883,-6.258619",+353-1-6770000,,53.3410883,-6.258619,way,273206927
shop=clothes,Active Workwear,21 Corrig Road Sandyford D18 E4CR,https://activeworkwear.ie,activeworkwear.ie,"https://www.google.com/maps/search/?api=1&query=53.2766448,-6.2146914",+353 (0)1 5170196,,53.2766448,-6.2146914,node,11920046926
shop=clothes,Alice May Bridal,,https://www.alicemay.ie,alicemay.ie,"https://www.google.com/maps/search/?api=1&query=53.2665501,-6.1836419",+353 1 2950 006,,53.2665501,-6.1836419,node,10951811274
shop=clothes,Alo,Grafton Street Dublin,https://www.aloyoga.com/en-ie/,aloyoga.com,"https://www.google.com/maps/search/?api=1&query=53.3406658,-6.2609524",,,53.3406658,-6.2609524,node,6185260271
shop=clothes,Aran Sweater Market,115 Grafton Street,https://www.aransweatermarket.com/,aransweatermarket.com,"https://www.google.com/maps/search/?api=1&query=53.343932,-6.2593989",,,53.343932,-6.2593989,node,4808088121
shop=clothes,Ashley Reeves,Stillorgan Village Shopping Centre,https://www.pamelascott.com/our-stores,pamelascott.com,"https://www.google.com/maps/search/?api=1&query=53.2891948,-6.2007376",+353-1-288-6276,,53.2891948,-6.2007376,node,4080241198
shop=clothes,Aston Formal Wear,Aston Place Dublin,https://astonformal.com/,astonformal.com,"https://www.google.com/maps/search/?api=1&query=53.3463902,-6.2607935",+353-1-6796100,,53.3463902,-6.2607935,node,1514294256
shop=clothes,Astrid & Miyu,Anne Street South Dublin,https://www.astridandmiyu.com/pages/dublin-boutique,astridandmiyu.com,"https://www.google.com/maps/search/?api=1&query=53.3412507,-6.2600662",,,53.3412507,-6.2600662,node,6187146935
shop=clothes,Barbara Kosznik,93 George's Street Lower Dún Laoghaire,https://kosznik.com/,kosznik.com,"https://www.google.com/maps/search/?api=1&query=53.2932563,-6.1380136",+353-1-280-6277,,53.2932563,-6.1380136,node,6179001919
shop=clothes,Beautiful South,Castlewood Avenue,http://www.beautifulsouth.ie/,beautifulsouth.ie,"https://www.google.com/maps/search/?api=1&query=53.3227568,-6.2641408",+353-87-2574901,,53.3227568,-6.2641408,node,5083380018
shop=clothes,Bershka,Jervis Street Dublin,https://www.bershka.com/ie/,bershka.com,"https://www.google.com/maps/search/?api=1&query=53.3484983,-6.2652725",,Bershka,53.3484983,-6.2652725,node,4711653160
shop=clothes,Best,St. Stephen's Green Dublin,https://www.bestmenswear.com/,bestmenswear.com,"https://www.google.com/maps/search/?api=1&query=53.3396425,-6.2612425",,,53.3396425,-6.2612425,node,12650724208
shop=clothes,Best Men's Wear,,https://www.bestmenswear.com,bestmenswear.com,"https://www.google.com/maps/search/?api=1&query=53.2866375,-6.2412765",,,53.2866375,-6.2412765,node,11940354097
shop=clothes,Best Mens Wear,Stillorgan Village Shopping Centre,https://www.bestmenswear.ie/,bestmenswear.ie,"https://www.google.com/maps/search/?api=1&query=53.2894339,-6.20069",+353-1-212-3692,,53.2894339,-6.20069,node,4080199826
shop=clothes,Bäumler,51a Dawson Street Dublin,https://www.baumlerdublin.com/,baumlerdublin.com,"https://www.google.com/maps/search/?api=1&query=53.3416788,-6.2584773",,,53.3416788,-6.2584773,way,268844931
shop=clothes,COS,Wicklow Street Dublin,https://www.cosstores.com/ie/,cosstores.com,"https://www.google.com/maps/search/?api=1&query=53.3428771,-6.2604359",,COS,53.3428771,-6.2604359,node,2826503844
shop=clothes,Camden Clothing,29 Camden Street Lower Dublin,https://camdenclothing.ie/,camdenclothing.ie,"https://www.google.com/maps/search/?api=1&query=53.3347637,-6.2649703",+353 1 4175961,,53.3347637,-6.2649703,node,2995007513
shop=clothes,Canada Goose,64 Grafton Street Dublin,https://www.canadagoose.com/ie/en/dublin-store.html,canadagoose.com,"https://www.google.com/maps/search/?api=1&query=53.340848,-6.2608691",,Canada Goose,53.340848,-6.2608691,way,249213113
shop=clothes,Castore,34 Grafton Street Dublin,https://castore.com/,castore.com,"https://www.google.com/maps/search/?api=1&query=53.3411318,-6.2603971",,,53.3411318,-6.2603971,node,4551064993
shop=clothes,Cath Kidston,Grafton Street Dublin,https://www.next.co.uk/cath-kidston,next.co.uk,"https://www.google.com/maps/search/?api=1&query=53.3431393,-6.259568",,,53.3431393,-6.259568,node,2826497092
shop=clothes,Choice,Old Dublin Road,https://www.choiceboutique.com/,choiceboutique.com,"https://www.google.com/maps/search/?api=1&query=53.2895402,-6.2009722",+353 1 2888 367,,53.2895402,-6.2009722,node,9893613891
shop=clothes,Coco Boutique,40 Clarendon Street Dublin,https://www.cocoboutique.ie/,cocoboutique.ie,"https://www.google.com/maps/search/?api=1&query=53.3414483,-6.2619972",,,53.3414483,-6.2619972,node,12093934894
shop=clothes,Columbia,Trinity Street Dublin,https://www.columbiasportswear.ie/,columbiasportswear.ie,"https://www.google.com/maps/search/?api=1&query=53.3437852,-6.2619448",,Columbia,53.3437852,-6.2619448,node,2988253830
shop=clothes,Costume,Castle Market Dublin,https://costumedublin.ie/,costumedublin.ie,"https://www.google.com/maps/search/?api=1&query=53.3423555,-6.2631456",,,53.3423555,-6.2631456,node,6984776456
shop=clothes,Dance World,16 Sandford Road Dublin,https://www.danceworld.ie/,danceworld.ie,"https://www.google.com/maps/search/?api=1&query=53.3232912,-6.2495351",,,53.3232912,-6.2495351,way,615180148
shop=clothes,Dawson Boutique,Essex Street West Dublin D08 XW20,https://www.dawsonboutique.com/,dawsonboutique.com,"https://www.google.com/maps/search/?api=1&query=53.3444622,-6.2696587",,,53.3444622,-6.2696587,node,3384530243
shop=clothes,De Stafford Bridal,Wicklow Street Dublin,https://www.destaffordbridal.ie/,destaffordbridal.ie,"https://www.google.com/maps/search/?api=1&query=53.3429211,-6.2615238",,,53.3429211,-6.2615238,node,12093934870
shop=clothes,Diesel,Jervis Street Dublin,https://diesel.ie/,diesel.ie,"https://www.google.com/maps/search/?api=1&query=53.3484295,-6.266053",,Diesel,53.3484295,-6.266053,node,4711653164
shop=clothes,Diesel,Grafton Street Dublin,https://diesel.ie/,diesel.ie,"https://www.google.com/maps/search/?api=1&query=53.3415738,-6.2603653",,Diesel,53.3415738,-6.2603653,node,6772160807
shop=clothes,Diesel,38 Henry Street Dublin,https://diesel.ie/,diesel.ie,"https://www.google.com/maps/search/?api=1&query=53.3497185,-6.2615232",+353-1-8747132,Diesel,53.3497185,-6.2615232,way,435840489
shop=clothes,Diffney,,https://www.diffney.ie/,diffney.ie,"https://www.google.com/maps/search/?api=1&query=53.3020069,-6.179949",+353-1-288-7322,,53.3020069,-6.179949,node,4937329781
shop=clothes,Diffneys,Old Dublin Road,https://www.diffney.ie/,diffney.ie,"https://www.google.com/maps/search/?api=1&query=53.2897702,-6.2002",+353 1 2887 619,,53.2897702,-6.2002,node,3750529740
shop=clothes,Dimensions Dancewear (Moved),124 Drumcondra Road Upper,https://dimensionsdance.ie/,dimensionsdance.ie,"https://www.google.com/maps/search/?api=1&query=53.3728515,-6.2520893",,,53.3728515,-6.2520893,way,679252911
shop=clothes,Dress Circle,134 Terenure Road North Dublin,https://dresscircleterenure.wordpress.com/,dresscircleterenure.wordpress.com,"https://www.google.com/maps/search/?api=1&query=53.3101204,-6.2836055",,,53.3101204,-6.2836055,node,3106286539
shop=clothes,Dresscode Ltd,50 Finglas Business Centre Dublin,https://www.dresscode.ie/,dresscode.ie,"https://www.google.com/maps/search/?api=1&query=53.3973909,-6.2949428",+353 1 8640700,,53.3973909,-6.2949428,node,3069695516
shop=clothes,Drobey,1 Richmond Green,https://drobey.ie/,drobey.ie,"https://www.google.com/maps/search/?api=1&query=53.2932369,-6.1538325",,,53.2932369,-6.1538325,way,58647409
shop=clothes,Du Pareil au Même,Kilmacud Road Lower,https://www.dpam.ie/,dpam.ie,"https://www.google.com/maps/search/?api=1&query=53.2894018,-6.2006552",+353-1-210-1713,Du Pareil au Même,53.2894018,-6.2006552,node,4080207917
shop=clothes,Dublin Formal Wear,Main Street Tallaght,https://dublinformalwear.ie/,dublinformalwear.ie,"https://www.google.com/maps/search/?api=1&query=53.2880261,-6.3576961",,,53.2880261,-6.3576961,node,9230443425
shop=clothes,Dublin Vintage Factory,Wellington Quay Dublin,https://www.dublinvintagefactory.com/,dublinvintagefactory.com,"https://www.google.com/maps/search/?api=1&query=53.3457552,-6.2642205",,,53.3457552,-6.2642205,node,6112928287
shop=clothes,Dunnes Stores,Cromwellsfort Road Dublin,https://www.dunnesstores.com/,dunnesstores.com,"https://www.google.com/maps/search/?api=1&query=53.3158817,-6.3180328",,Dunnes Stores,53.3158817,-6.3180328,node,4913827541
shop=clothes,Electra,12 Donnybrook Road Dublin,https://www.electra.ie/,electra.ie,"https://www.google.com/maps/search/?api=1&query=53.322328,-6.2368634",+353-1-538-1230,,53.322328,-6.2368634,node,4553095332
shop=clothes,Fatface,Sandyford Road,https://www.fatface.com/,fatface.com,"https://www.google.com/maps/search/?api=1&query=53.2866594,-6.2411569",+353 1 2451 099,,53.2866594,-6.2411569,node,11940065872
shop=clothes,Feather & Frill,130 Terenure Road North Dublin,https://www.featherandfrill.com/,featherandfrill.com,"https://www.google.com/maps/search/?api=1&query=53.3102421,-6.283556",+353 1 4906857,,53.3102421,-6.283556,node,3106278308
shop=clothes,Ferraud,24 Duke Street,https://www.ferauddublin.com/,ferauddublin.com,"https://www.google.com/maps/search/?api=1&query=53.3418642,-6.2596157",,,53.3418642,-6.2596157,way,249264644
shop=clothes,Fitzgerald Private Clinic,3 Anne's Lane Dublin,https://www.fitzgeraldprivateclinic.com/,fitzgeraldprivateclinic.com,"https://www.google.com/maps/search/?api=1&query=53.34077,-6.2596746",,,53.34077,-6.2596746,node,12059966683
shop=clothes,Florence Lingerie,97 Patrick Street Dún Laoghaire,https://www.florencelingerie.com/,florencelingerie.com,"https://www.google.com/maps/search/?api=1&query=53.2915076,-6.1370841",+353-1-280-8641,,53.2915076,-6.1370841,node,6184660683
shop=clothes,Fran & Jane,,https://franandjane.com/,franandjane.com,"https://www.google.com/maps/search/?api=1&query=53.3019746,-6.1780741",,,53.3019746,-6.1780741,node,3740256303
shop=clothes,Francis Cambelli,William Street South Dublin,https://franciscampelli.com/,franciscampelli.com,"https://www.google.com/maps/search/?api=1&query=53.3413628,-6.2629333",,,53.3413628,-6.2629333,node,12109840003
shop=clothes,Fresh Cuts,13 Castle Market Dublin D02 XH05,https://www.freshcutsclothing.com/,freshcutsclothing.com,"https://www.google.com/maps/search/?api=1&query=53.3421421,-6.2635987",,,53.3421421,-6.2635987,node,12087084514
shop=clothes,Frewen & Aylward,44 George's Street Lower Dún Laoghaire A96 TV21,https://www.frewenmenswear.ie/,frewenmenswear.ie,"https://www.google.com/maps/search/?api=1&query=53.2932342,-6.1384848",+353-1-280-3127,,53.2932342,-6.1384848,node,6178626787
shop=clothes,Genius,Clarendon Street Dublin,https://www.genius.ie/,genius.ie,"https://www.google.com/maps/search/?api=1&query=53.3422373,-6.2613112",,,53.3422373,-6.2613112,node,12093934879
shop=clothes,Get Cash 4 Clothes!,,https://www.getcash.ie/,getcash.ie,"https://www.google.com/maps/search/?api=1&query=53.2608382,-6.1500744",,,53.2608382,-6.1500744,node,4256571992
shop=clothes,Get Outdoors,,https://www.malahideoutdoor.com,malahideoutdoor.com,"https://www.google.com/maps/search/?api=1&query=53.4449294,-6.1630015",+353 1 8457 236,,53.4449294,-6.1630015,node,12097071868
shop=clothes,H&M,Mary Street Dublin,https://www2.hm.com/,www2.hm.com,"https://www.google.com/maps/search/?api=1&query=53.3491439,-6.2649686",,H&M,53.3491439,-6.2649686,node,5377095225
shop=clothes,H&M,,https://www2.hm.com/en_ie/index.html,www2.hm.com,"https://www.google.com/maps/search/?api=1&query=53.286775,-6.2414338",,H&M,53.286775,-6.2414338,node,11940354094
shop=clothes,H&M,23-27 College Green Dublin,https://www2.hm.com/,www2.hm.com,"https://www.google.com/maps/search/?api=1&query=53.3440086,-6.2611598",,H&M,53.3440086,-6.2611598,way,251580559
shop=clothes,H&M,18-27 O'Connell Street Lower Dublin D01H6K0,https://www2.hm.com/en_ie/index.html,www2.hm.com,"https://www.google.com/maps/search/?api=1&query=53.3492526,-6.2595642",,H&M,53.3492526,-6.2595642,way,1222688188
shop=clothes,Harlequin,Castle Market Dublin,https://theharlequin.ie/,theharlequin.ie,"https://www.google.com/maps/search/?api=1&query=53.3423202,-6.262992",,,53.3423202,-6.262992,node,5506775255
shop=clothes,Harvey Nichols,Sandyford Road Dundrum D16 W0C0,https://www.harveynichols.com,harveynichols.com,"https://www.google.com/maps/search/?api=1&query=53.2881475,-6.2436025",,,53.2881475,-6.2436025,node,5661461552
shop=clothes,Hat Society,Taney Drive Dundrum,http://www.hatsociety.ie/,hatsociety.ie,"https://www.google.com/maps/search/?api=1&query=53.2924024,-6.2449321",+353 86 2643899,,53.2924024,-6.2449321,node,4265973305
shop=clothes,Havana,Donnybrook Road Donnybrook,https://www.havanaboutique.ie/,havanaboutique.ie,"https://www.google.com/maps/search/?api=1&query=53.3209564,-6.2349154",,,53.3209564,-6.2349154,node,5476926559
shop=clothes,House of Wool,Dublin,https://houseofwoolireland.com/,houseofwoolireland.com,"https://www.google.com/maps/search/?api=1&query=53.3396508,-6.2589053",+353 86 252 8800,,53.3396508,-6.2589053,node,9534229626
shop=clothes,Hugo Boss,68 Grafton Street Dublin,https://www.hugoboss.com/ie/storedetail?storeid=9927208,hugoboss.com,"https://www.google.com/maps/search/?api=1&query=53.3409779,-6.2607632",,Hugo Boss,53.3409779,-6.2607632,node,6187145168
shop=clothes,Human Collective Clothing,Dublin,https://wearehumancollective.com/,wearehumancollective.com,"https://www.google.com/maps/search/?api=1&query=53.3401242,-6.2617849",,,53.3401242,-6.2617849,node,11634194876
shop=clothes,Inco Boutique,Old Dublin Road,https://inco-boutique.com/,inco-boutique.com,"https://www.google.com/maps/search/?api=1&query=53.28982,-6.200016",+353-1-558-7120,,53.28982,-6.200016,node,9893524174
shop=clothes,Indigo & Cloth Menswear,Essex Street East Dublin,https://indigoandcloth.com/,indigoandcloth.com,"https://www.google.com/maps/search/?api=1&query=53.3451653,-6.2664225",,,53.3451653,-6.2664225,node,4494346690
shop=clothes,Jacadi,32 King Street South Dublin,https://www.jacadiireland.ie/,jacadiireland.ie,"https://www.google.com/maps/search/?api=1&query=53.3406078,-6.2630173",,Jacadi,53.3406078,-6.2630173,way,230357690
shop=clothes,Jack & Jones,A96 R268,https://www.jackjones.com/,jackjones.com,"https://www.google.com/maps/search/?api=1&query=53.2929807,-6.1392785",+353-1-230-0907,Jack & Jones,53.2929807,-6.1392785,node,9407869225
shop=clothes,Jack Wills,Dublin,https://www.jackwills.com/dublinjw-store-2264,jackwills.com,"https://www.google.com/maps/search/?api=1&query=53.3412401,-6.261265",,Jack Wills,53.3412401,-6.261265,node,366363183
shop=clothes,James Herren,44 Dawson Street Dublin,https://www.jamesherren.com/,jamesherren.com,"https://www.google.com/maps/search/?api=1&query=53.3409326,-6.2585904",,,53.3409326,-6.2585904,way,268836000
shop=clothes,JoJo Maman Bébé,14 Wicklow Street Dublin D02 WV97,https://www.jojomamanbebe.co.uk/storelocator/dublin-jojomamanbebe/0944,jojomamanbebe.co.uk,"https://www.google.com/maps/search/?api=1&query=53.3430312,-6.2609281",,,53.3430312,-6.2609281,node,12093934865
shop=clothes,Khan,,https://khan.ie/,khan.ie,"https://www.google.com/maps/search/?api=1&query=53.302215,-6.1786762",+353-1-278-1646,,53.302215,-6.1786762,node,996066798
shop=clothes,Levi's,38 Grafton Street Dublin,https://www.levi.com/,levi.com,"https://www.google.com/maps/search/?api=1&query=53.3408686,-6.2603647",,Levi's,53.3408686,-6.2603647,way,249212461
shop=clothes,Lipstick,Stillorgan Village Shopping Centre,http://www.choiceboutique.ie/,choiceboutique.ie,"https://www.google.com/maps/search/?api=1&query=53.289396,-6.2008892",+353-1-288-8367,,53.289396,-6.2008892,node,4080234181
shop=clothes,Louis Vuitton,Dublin,https://eu.louisvuitton.com/eng-e1/point-of-sale/ireland/louis-vuitton-dublin-brown-thomas,eu.louisvuitton.com,"https://www.google.com/maps/search/?api=1&query=53.3427436,-6.2606176",,Louis Vuitton,53.3427436,-6.2606176,node,12655529054
shop=clothes,Love Suits,Old Bawn Shopping Centre,https://www.lovesuits.ie/,lovesuits.ie,"https://www.google.com/maps/search/?api=1&query=53.2755301,-6.3529065",,,53.2755301,-6.3529065,node,6052005938
shop=clothes,Lucy's Lounge,Fownes Street Upper Dublin,https://www.etsy.com/uk/shop/LucysLoungeShop,etsy.com,"https://www.google.com/maps/search/?api=1&query=53.3451866,-6.2632796",,,53.3451866,-6.2632796,node,6112928289
shop=clothes,Madigan,Westbury Mall Dublin,https://madigancashmere.com/,madigancashmere.com,"https://www.google.com/maps/search/?api=1&query=53.3415441,-6.2612375",,,53.3415441,-6.2612375,node,10199983670
shop=clothes,Maguire's Outlet,Ballymun Road,https://maguiresoutlet.com/,maguiresoutlet.com,"https://www.google.com/maps/search/?api=1&query=53.4004015,-6.2644045",,,53.4004015,-6.2644045,node,6253063823
shop=clothes,Mango,Henry Street Dublin,https://shop.mango.com/,shop.mango.com,"https://www.google.com/maps/search/?api=1&query=53.3495563,-6.2626306",,Mango,53.3495563,-6.2626306,node,10079508015
shop=clothes,Marian Gale,12 Main Street Dublin,https://www.mariangale.ie/,mariangale.ie,"https://www.google.com/maps/search/?api=1&query=53.3222269,-6.2376037",,,53.3222269,-6.2376037,node,5167945449
shop=clothes,Massimo,45 Dawson Street Dublin,https://www.massimodutti.com/ie/,massimodutti.com,"https://www.google.com/maps/search/?api=1&query=53.341068,-6.2585325",,,53.341068,-6.2585325,node,3133935920
shop=clothes,Massimo Dutti,65 Grafton Street Dublin,https://www.massimodutti.com/ie/,massimodutti.com,"https://www.google.com/maps/search/?api=1&query=53.340922,-6.2608001",,Massimo Dutti,53.340922,-6.2608001,node,6187145167
shop=clothes,Massimo Dutti,,https://massimodutti.com,massimodutti.com,"https://www.google.com/maps/search/?api=1&query=53.2870249,-6.241774",,Massimo Dutti,53.2870249,-6.241774,node,11940354089
shop=clothes,Monaghans Cashmere,Royal Hibernian Way Dublin,https://monaghanscashmere.ie/,monaghanscashmere.ie,"https://www.google.com/maps/search/?api=1&query=53.3415214,-6.2588202",+353-1-6794451,,53.3415214,-6.2588202,node,5113669732
shop=clothes,Monica Peters,10 Rock Hill Blackrock A94 VP03,https://www.monicapeters.ie/,monicapeters.ie,"https://www.google.com/maps/search/?api=1&query=53.3019691,-6.1786733",+353-1-288-8902,,53.3019691,-6.1786733,node,3986683802
shop=clothes,NAME IT,A96 YY29,https://www.nameit.com/ie/en/home,nameit.com,"https://www.google.com/maps/search/?api=1&query=53.2929122,-6.1391145",+353-1-663-8687,NAME IT,53.2929122,-6.1391145,node,9407869224
shop=clothes,New Look,Jervis Street Dublin,https://www.newlook.com/row/store/Dublin-Jervis-Dublin-IE-2061,newlook.com,"https://www.google.com/maps/search/?api=1&query=53.3485896,-6.2656882",,New Look,53.3485896,-6.2656882,node,4711653158
shop=clothes,Next,Jervis Street Dublin,https://www.next.ie/,next.ie,"https://www.google.com/maps/search/?api=1&query=53.3479219,-6.2655514",,Next,53.3479219,-6.2655514,node,4711653163
shop=clothes,Next,,https://www.next.ie/,next.ie,"https://www.google.com/maps/search/?api=1&query=53.3018009,-6.1802749",+353-1-288-4203,Next,53.3018009,-6.1802749,node,4937329773
shop=clothes,Next,,https://www.nextdirect.com/ie,nextdirect.com,"https://www.google.com/maps/search/?api=1&query=53.3896153,-6.3880185",,Next,53.3896153,-6.3880185,way,120720458
shop=clothes,Nine Crows,Cecilia Street Dublin,https://www.shopninecrows.com/pages/our-temple-bar-shop,shopninecrows.com,"https://www.google.com/maps/search/?api=1&query=53.3449425,-6.2639096",,,53.3449425,-6.2639096,node,6112928290
shop=clothes,Noel Reid,Dundrum,https://www.noelreid.ie/,noelreid.ie,"https://www.google.com/maps/search/?api=1&query=53.290743,-6.2459605",+353 1 298 3377,,53.290743,-6.2459605,node,5531473214
shop=clothes,OND O'Neil of Dublin,"Music Hall, Copper Alley, Temple Bar Dublin D08 PFK4",https://oneilofdublin.com,oneilofdublin.com,"https://www.google.com/maps/search/?api=1&query=53.3442462,-6.2689809",+353 1 671 4598,,53.3442462,-6.2689809,node,9516242576
shop=clothes,Om Diva,27 George's Street Arcade Dublin,https://www.omdivaboutique.com/,omdivaboutique.com,"https://www.google.com/maps/search/?api=1&query=53.342385,-6.2634351",,,53.342385,-6.2634351,node,12087084516
shop=clothes,Parkwest Workwear Centre HCHS Ltd.,"Unit 8 Canal Walk, Park West Business Park Dublin D12 N5K3",https://hchs.ie/,hchs.ie,"https://www.google.com/maps/search/?api=1&query=53.3314022,-6.3613283",+353 1 612 0650,,53.3314022,-6.3613283,node,10063099697
shop=clothes,Patagonia,24-26 Exchequer Street Dublin,https://eu.patagonia.com/ie/en/stores/ie/dublin/24-26-exchequer-street/store_dublin.html,eu.patagonia.com,"https://www.google.com/maps/search/?api=1&query=53.3429673,-6.2626881",+353-1-670-5748,Patagonia,53.3429673,-6.2626881,node,3588227041
shop=clothes,Patrick Sheary,33 Clarendon Street Dublin,https://patricksheary.ie/,patricksheary.ie,"https://www.google.com/maps/search/?api=1&query=53.341117,-6.2623301",,,53.341117,-6.2623301,node,12093934888
shop=clothes,Peaches & Cream,30A-32A King Street South Dublin,https://www.peachesandcream.ie/,peachesandcream.ie,"https://www.google.com/maps/search/?api=1&query=53.3406461,-6.2631996",,,53.3406461,-6.2631996,node,11634110544
shop=clothes,Penneys,Town Square,https://www.primark.com/en-ie/stores/dublin/unit-21-penneys-level-2-dundrum-town-centre,primark.com,"https://www.google.com/maps/search/?api=1&query=53.2877831,-6.2427806",+353 1 2415 040,Primark,53.2877831,-6.2427806,node,11940097023
shop=clothes,Penneys,82-85 George's Street Lower Dún Laoghaire A96 XN81,https://stores.primark.com/en_ie/ireland/dun-laoghaire/84-85-lower-george-street,stores.primark.com,"https://www.google.com/maps/search/?api=1&query=53.2928314,-6.1368915",+353-1-2801946,Primark,53.2928314,-6.1368915,way,58692968
shop=clothes,Penneys,Mary Street Dublin,https://www.primark.com/,primark.com,"https://www.google.com/maps/search/?api=1&query=53.34954,-6.2664794",,Primark,53.34954,-6.2664794,way,104378037
shop=clothes,Penneys,39 O'Connell Street Lower Dublin,https://www.primark.com/en-ie/stores/dublin/39-oconnell-street,primark.com,"https://www.google.com/maps/search/?api=1&query=53.3486438,-6.2607008",+353-1-656-6666,Primark,53.3486438,-6.2607008,way,301007195
shop=clothes,Petit Summer,234 Merrion Road,https://www.petit.ie/,petit.ie,"https://www.google.com/maps/search/?api=1&query=53.317469,-6.2080683",+353-1-260-6601,,53.317469,-6.2080683,node,4751529380
shop=clothes,Platform,55b Rathgar Avenue Dublin,https://thesuite.ie/,thesuite.ie,"https://www.google.com/maps/search/?api=1&query=53.3149129,-6.2759762",+353-1-4067028,,53.3149129,-6.2759762,way,299590442
shop=clothes,Protocol Suit Gallery,42 Dawson Street Dublin D02 NX79,https://protocolmenswear.com/,protocolmenswear.com,"https://www.google.com/maps/search/?api=1&query=53.3408338,-6.2585718",+353-1-6772777,,53.3408338,-6.2585718,node,5110046864
shop=clothes,Reiss,1 St. Stephen's Green Dublin,https://www.reiss.com/ie/en,reiss.com,"https://www.google.com/maps/search/?api=1&query=53.3401035,-6.2604316",,Reiss,53.3401035,-6.2604316,way,230479382
shop=clothes,Remus Uomo,St. Stephen's Green Dublin,https://www.remusuomo.com/,remusuomo.com,"https://www.google.com/maps/search/?api=1&query=53.3396857,-6.2590409",,,53.3396857,-6.2590409,node,11407323006
shop=clothes,River Island,Mary Street Dublin,https://www.riverisland.com/how-can-we-help/find-a-store/dublin-ilac,riverisland.com,"https://www.google.com/maps/search/?api=1&query=53.3492074,-6.2646603",,River Island,53.3492074,-6.2646603,node,5377094313
shop=clothes,River Island,102-103 Grafton Street Dublin,https://www.riverisland.com/how-can-we-help/find-a-store/dublin-grafton-street,riverisland.com,"https://www.google.com/maps/search/?api=1&query=53.3430637,-6.2598081",,River Island,53.3430637,-6.2598081,way,260269662
shop=clothes,RobePlan,Goatstown Road,https://www.robeplan.com/,robeplan.com,"https://www.google.com/maps/search/?api=1&query=53.2929009,-6.229278",+353 1 206 4110,,53.2929009,-6.229278,way,110954544
shop=clothes,S.l.o.w S.t.r.e.e.t,16 Main Street Blackrock,https://slowstreet.ie/,slowstreet.ie,"https://www.google.com/maps/search/?api=1&query=53.3015268,-6.1774252",,,53.3015268,-6.1774252,node,3733532959
shop=clothes,Seagreen,Monkstown Crescent Monkstown,http://seagreen.ie/,seagreen.ie,"https://www.google.com/maps/search/?api=1&query=53.2940253,-6.1529057",+353-1-202-0130,,53.2940253,-6.1529057,node,4359042264
shop=clothes,Seagreen,45 Ranelagh Dublin,http://seagreen.ie/,seagreen.ie,"https://www.google.com/maps/search/?api=1&query=53.324777,-6.2542582",+353 1 497 7937,,53.324777,-6.2542582,way,369361432
shop=clothes,Shaws,80-81 George's Street Lower Dún Laoghaire A96 RR77,https://www.shaws.ie/store/dun-laoghaire/,shaws.ie,"https://www.google.com/maps/search/?api=1&query=53.2926444,-6.1365989",,,53.2926444,-6.1365989,way,58692963
shop=clothes,Soho Market,Dublin,https://sohomarketboutique.com/,sohomarketboutique.com,"https://www.google.com/maps/search/?api=1&query=53.340135,-6.2618553",,,53.340135,-6.2618553,node,11634194875
shop=clothes,Stable,2 Westbury Mall Dublin D02NH29,https://www.stableofireland.com/,stableofireland.com,"https://www.google.com/maps/search/?api=1&query=53.3414561,-6.2612053",+353 1 675 3936,,53.3414561,-6.2612053,node,10199983666
shop=clothes,Superdry,6-10 Suffolk Street Dublin D02 X854,https://stores.superdry.ie/dublin/6-10-suffolk-street,stores.superdry.ie,"https://www.google.com/maps/search/?api=1&query=53.3436665,-6.2602046",+35316401116,Superdry,53.3436665,-6.2602046,node,2885252925
shop=clothes,Susan Hunter,13 Westbury Mall Dublin D02XC78,https://susanhunter.ie/,susanhunter.ie,"https://www.google.com/maps/search/?api=1&query=53.3415727,-6.2612125",+353 1 679 1271,,53.3415727,-6.2612125,node,10199983671
shop=clothes,Sweaty Betty,32-33 Anne Street South Dublin,https://www.sweatybetty.com/shop-details/ireland-dublin-501,sweatybetty.com,"https://www.google.com/maps/search/?api=1&query=53.3410976,-6.2601063",,Sweaty Betty,53.3410976,-6.2601063,node,6332870729
shop=clothes,Tallon Tailoring & Formal Dress Hire Service,206 Harold's Cross Road Dublin,https://www.facebook.com/pages/Tallon-Tailoring-Formal-Dress-Hire-Service/149526678542279,facebook.com,"https://www.google.com/maps/search/?api=1&query=53.3226839,-6.2795661",+353 1 4969503,,53.3226839,-6.2795661,node,2986757647
shop=clothes,Tango's,Fownes Street Upper Dublin,https://tangos.ie/,tangos.ie,"https://www.google.com/maps/search/?api=1&query=53.3447168,-6.2634515",,,53.3447168,-6.2634515,node,12035318313
shop=clothes,Teamwear,Dublin,https://www.teamwear.ie/,teamwear.ie,"https://www.google.com/maps/search/?api=1&query=53.3060237,-6.3515884",,,53.3060237,-6.3515884,node,12219097533
shop=clothes,Ted Baker,42 Grafton Street Dublin,https://www.tedbaker.com/ie/stores/DUBLIN---TED-BAKER/70076?country=IE,tedbaker.com,"https://www.google.com/maps/search/?api=1&query=53.340619,-6.2603244",,Ted Baker,53.340619,-6.2603244,way,230479379
shop=clothes,The Little Wooden Peg,55 Georges Street Upper Dún Laoghaire A96 DK26,https://thelittlewoodenpeg.com/,thelittlewoodenpeg.com,"https://www.google.com/maps/search/?api=1&query=53.2898164,-6.1305591",,,53.2898164,-6.1305591,node,658492246
shop=clothes,The North Face,43 Grafton Street Dublin,https://locations.thenorthface.eu/dublin/dublin/TNFSD-GS42D/,locations.thenorthface.eu,"https://www.google.com/maps/search/?api=1&query=53.3405977,-6.260633",,The North Face,53.3405977,-6.260633,node,6187145162
shop=clothes,The North Face,Town Square Dundrum,https://www.thenorthface.ie/,thenorthface.ie,"https://www.google.com/maps/search/?api=1&query=53.2878511,-6.2426011",+353 51 207 9059,The North Face,53.2878511,-6.2426011,node,11918204467
shop=clothes,The One,Castlewood Avenue D06 K2F3,https://www.theone.ie/,theone.ie,"https://www.google.com/maps/search/?api=1&query=53.3227378,-6.2643048",,,53.3227378,-6.2643048,node,5083380020
shop=clothes,The Turret,Castle Market Dublin,https://theturret.ie/,theturret.ie,"https://www.google.com/maps/search/?api=1&query=53.3423771,-6.2627453",,,53.3423771,-6.2627453,node,6984776458
shop=clothes,The Woollen Mills,42 Ormond Quay Lower Dublin,https://www.thewoollenmills.com/,thewoollenmills.com,"https://www.google.com/maps/search/?api=1&query=53.3467395,-6.2635284",,,53.3467395,-6.2635284,node,1720988548
shop=clothes,Timberland,31 Anne Street South Dublin,https://www.timberland.ie/,timberland.ie,"https://www.google.com/maps/search/?api=1&query=53.3409839,-6.260014",,Timberland,53.3409839,-6.260014,way,249212456
shop=clothes,Tola Vintage,Fownes Street Upper Dublin,https://www.tolavintage.com,tolavintage.com,"https://www.google.com/maps/search/?api=1&query=53.3452485,-6.2632943",,,53.3452485,-6.2632943,node,6112928288
shop=clothes,Uniform Warehouse,Stillorgan Road Dublin,https://uniformwarehouse.ie,uniformwarehouse.ie,"https://www.google.com/maps/search/?api=1&query=53.309995,-6.2168694",(01) 283 0173,,53.309995,-6.2168694,node,3529067536
shop=clothes,United Colors of Benetton,59 Grafton Street Dublin,https://ie.benetton.com/,ie.benetton.com,"https://www.google.com/maps/search/?api=1&query=53.340437,-6.2609496",+353-1-6728698,United Colors of Benetton,53.340437,-6.2609496,node,6185260263
shop=clothes,United Colors of Benetton,St. Stephen's Green Dublin,https://ie.benetton.com/,ie.benetton.com,"https://www.google.com/maps/search/?api=1&query=53.3397686,-6.2611593",,United Colors of Benetton,53.3397686,-6.2611593,node,9217315840
shop=clothes,Urban Outfitters,7a Fownes Street Upper Dublin,https://www.urbanoutfitters.com/stores/temple-bar,urbanoutfitters.com,"https://www.google.com/maps/search/?api=1&query=53.3452234,-6.2637314",,Urban Outfitters,53.3452234,-6.2637314,way,441055582
shop=clothes,Victoria's Secret,Grafton Street Dublin,https://www.victoriassecret.ie/,victoriassecret.ie,"https://www.google.com/maps/search/?api=1&query=53.341524,-6.2601293",,Victoria's Secret,53.341524,-6.2601293,node,6205682336
shop=clothes,Weavers of Ireland,9 Westmoreland Street Dublin,https://weaversofireland.com/,weaversofireland.com,"https://www.google.com/maps/search/?api=1&query=53.3459126,-6.2594181",,,53.3459126,-6.2594181,node,467744850
shop=clothes,Yaya,7 George's Street Upper Dún Laoghaire,https://yaya.eu/pages/yaya-dun-laoghaire,yaya.eu,"https://www.google.com/maps/search/?api=1&query=53.2920683,-6.1358471",+353 83 404 8243,,53.2920683,-6.1358471,node,10673795299
shop=clothes,Zara,Henry Street Dublin,https://www.zara.com/,zara.com,"https://www.google.com/maps/search/?api=1&query=53.3492538,-6.2644175",,Zara,53.3492538,-6.2644175,node,5377094314
shop=computer,511 Tech Solutions,511 North Circular Road Dublin,http://511techsolutions.com/,511techsolutions.com,"https://www.google.com/maps/search/?api=1&query=53.359536,-6.259787",+353 1 8197834,,53.359536,-6.259787,node,3465847948
shop=computer,Castle Computers,,https://www.castlecomputers.ie/,castlecomputers.ie,"https://www.google.com/maps/search/?api=1&query=53.3560626,-6.2649656",,,53.3560626,-6.2649656,node,650350878
shop=computer,Computer King,23 Main Street,https://computerking.ie/,computerking.ie,"https://www.google.com/maps/search/?api=1&query=53.3958081,-6.4401495",+353-1-6831518,,53.3958081,-6.4401495,node,6344025087
shop=computer,Express Tech,Baggot Street Lower Dublin,https://www.expresstech.ie/,expresstech.ie,"https://www.google.com/maps/search/?api=1&query=53.3362604,-6.2485032",,,53.3362604,-6.2485032,node,4806183921
shop=computer,FixIT,,https://www.fixitireland.ie/,fixitireland.ie,"https://www.google.com/maps/search/?api=1&query=53.3019007,-6.1800966",+353-1-210-1012,,53.3019007,-6.1800966,node,4938934822
shop=computer,IT Star,Georges Street Upper,https://itstar.ie/,itstar.ie,"https://www.google.com/maps/search/?api=1&query=53.292322,-6.1356524",+353-1-558-9306,,53.292322,-6.1356524,node,8855254682
shop=computer,LaptopLab at Back From The Future,58 South Great George's Street Dublin,https://backfromthefuture.ie/,backfromthefuture.ie,"https://www.google.com/maps/search/?api=1&query=53.3421458,-6.2648817",+353-1-4757177,,53.3421458,-6.2648817,node,5546148377
shop=computer,Laptoplab,Unit 11 Main Street Donnybrook,https://backfromthefuture.ie/,backfromthefuture.ie,"https://www.google.com/maps/search/?api=1&query=53.3223548,-6.2377751",+353-1-531-0400,,53.3223548,-6.2377751,node,5167945446
shop=computer,New Paddy,68 Convent Road Dún Laoghaire,https://www.newpaddy.ie,newpaddy.ie,"https://www.google.com/maps/search/?api=1&query=53.2924642,-6.1372168",+353-1-230-3852,,53.2924642,-6.1372168,node,6179505934
shop=computer,PC House,Dublin,https://www.pchouse.ie/,pchouse.ie,"https://www.google.com/maps/search/?api=1&query=53.3555815,-6.2645275",,,53.3555815,-6.2645275,node,11210667189
shop=computer,Printbox,Dorset Street Upper,http://printbox.ie/,printbox.ie,"https://www.google.com/maps/search/?api=1&query=53.3562522,-6.265289",+353-85-7079001,,53.3562522,-6.265289,node,5384454767
shop=computer,Select,King Street South Dublin,https://ie.selectonline.com/,ie.selectonline.com,"https://www.google.com/maps/search/?api=1&query=53.340386,-6.262067",,,53.340386,-6.262067,node,2411968976
shop=computer,Select,D16 KD91,https://ie.selectonline.com,ie.selectonline.com,"https://www.google.com/maps/search/?api=1&query=53.2871795,-6.2419778",0818 66 8888,,53.2871795,-6.2419778,node,11199853707
shop=computer,Select,111 Grafton Street Dublin,https://ie.selectonline.com/,ie.selectonline.com,"https://www.google.com/maps/search/?api=1&query=53.343656,-6.2595304",,,53.343656,-6.2595304,way,261260362
shop=computer,Tech4U,44 Fairview Strand,https://tech4u.ie,tech4u.ie,"https://www.google.com/maps/search/?api=1&query=53.36267,-6.2398236",+353 1 8069 853,,53.36267,-6.2398236,way,983727330
shop=computer,WestTech Technologies,112-114 Ardilaun Court,https://westtech.ie/,westtech.ie,"https://www.google.com/maps/search/?api=1&query=53.340798,-6.2725989",(01) 437 8306,,53.340798,-6.2725989,node,9344490428
shop=electronics,Bowen Electrical Wholesalers Ltd.,Brookfield Terrace,http://www.bowenelectrical.com/,bowenelectrical.com,"https://www.google.com/maps/search/?api=1&query=53.2956575,-6.1790115",,,53.2956575,-6.1790115,node,3745276608
shop=electronics,CQ Commuunications,22 Ormond Quay Lower Dublin,https://cqcomms.com/,cqcomms.com,"https://www.google.com/maps/search/?api=1&query=53.3463766,-6.2653823",+353 1 8722752,,53.3463766,-6.2653823,node,3477082226
shop=electronics,CeX,23 George's Street Great South Dublin,https://ie.webuy.com/site/storeDetail?branchId=1536,ie.webuy.com,"https://www.google.com/maps/search/?api=1&query=53.3424244,-6.2643676",,CeX,53.3424244,-6.2643676,node,2997549699
shop=electronics,CeX,13 Westmoreland Street Dublin,https://ie.webuy.com/site/storeDetail?branchId=1524,ie.webuy.com,"https://www.google.com/maps/search/?api=1&query=53.3461991,-6.2594034",,CeX,53.3461991,-6.2594034,node,3450095069
shop=electronics,CeX,68 George's Street Lower Dún Laoghaire A96HX37,https://ie.webuy.com/,ie.webuy.com,"https://www.google.com/maps/search/?api=1&query=53.2925865,-6.1369586",,CeX,53.2925865,-6.1369586,node,6178819985
shop=electronics,Currys,9 Carrickmines Park,https://www.currys.ie/,currys.ie,"https://www.google.com/maps/search/?api=1&query=53.2503644,-6.1850358",,currys,53.2503644,-6.1850358,node,943370453
shop=electronics,Currys,Mary Street Dublin,https://www.currys.ie/,currys.ie,"https://www.google.com/maps/search/?api=1&query=53.3478127,-6.2656875",,currys,53.3478127,-6.2656875,node,6789905190
shop=electronics,DID Electrical,Mornington Park Dublin,https://www.did.ie/,did.ie,"https://www.google.com/maps/search/?api=1&query=53.3822046,-6.208021",+353 1 8513322,DID Electrical,53.3822046,-6.208021,node,1529996771
shop=electronics,DID Electrical,81 Kilmacud Road Lower Stillorgan,https://www.did.ie/stores/stillorgan,did.ie,"https://www.google.com/maps/search/?api=1&query=53.2889249,-6.2045087",+353-1-288-4174,DID Electrical,53.2889249,-6.2045087,node,4078519907
shop=electronics,KDElectronics.ie,Muirfield Drive Dublin,http://KDElectronics.ie,kdelectronics.ie,"https://www.google.com/maps/search/?api=1&query=53.3291793,-6.3330422",,,53.3291793,-6.3330422,node,11179667544
shop=electronics,Music Maker,29 Exchequer Street Dublin,https://musicmaker.ie/,musicmaker.ie,"https://www.google.com/maps/search/?api=1&query=53.3432193,-6.2625891",+353 16779004,,53.3432193,-6.2625891,node,4100276891
shop=electronics,MySatNav.ie,93 George's Street Upper Dún Laoghaire A96 V1K8,https://www.mysatnav.ie,mysatnav.ie,"https://www.google.com/maps/search/?api=1&query=53.2911848,-6.1329629",+353 1 293 6987,Garmin; Shokz; Withings,53.2911848,-6.1329629,node,12061087833
shop=electronics,Power City,,https://powercity.ie/,powercity.ie,"https://www.google.com/maps/search/?api=1&query=53.2783225,-6.1412515",,,53.2783225,-6.1412515,node,13088778479
shop=electronics,Power City,Malahide Road Dublin,https://powercity.ie/,powercity.ie,"https://www.google.com/maps/search/?api=1&query=53.3920502,-6.1918011",,,53.3920502,-6.1918011,way,339519160
shop=electronics,Safesounds,4 Richmond Road Dublin,http://www.safesounds.ie/,safesounds.ie,"https://www.google.com/maps/search/?api=1&query=53.3686207,-6.2548035",+353 1 8375357,,53.3686207,-6.2548035,node,3140481198
shop=electronics,Smart Mobile,Dame Street Dublin,https://smartmobiles.ie/,smartmobiles.ie,"https://www.google.com/maps/search/?api=1&query=53.3442684,-6.2666781",,,53.3442684,-6.2666781,node,2710596556
shop=electronics,Utech Charlestown,Saint Margaret's Road,http://www.utech.ie,utech.ie,"https://www.google.com/maps/search/?api=1&query=53.4040907,-6.3033139",+353 89 445 0488,,53.4040907,-6.3033139,node,13525591301
shop=electronics,V-GSM,7 Carysfort Avenue Blackrock A94 K6Y5,http://v-gsm.com/,v-gsm.com,"https://www.google.com/maps/search/?api=1&query=53.3007707,-6.1776214",+353-1-555-6686,,53.3007707,-6.1776214,node,3730419534
shop=mobile_phone,3 Store,Mary Street Dublin,https://www.three.ie/,three.ie,"https://www.google.com/maps/search/?api=1&query=53.3490335,-6.2646883",,3 Store,53.3490335,-6.2646883,node,5377095226
shop=mobile_phone,3 Store,Sandyford Road,https://three.ie,three.ie,"https://www.google.com/maps/search/?api=1&query=53.2866421,-6.2412094",,3 Store,53.2866421,-6.2412094,node,11825145016
shop=mobile_phone,3 Store,75 George's Street Lower Dún Laoghaire,https://www.three.ie/,three.ie,"https://www.google.com/maps/search/?api=1&query=53.2923452,-6.1364667",,3 Store,53.2923452,-6.1364667,way,58693014
shop=mobile_phone,3 Store,46 Grafton Street Dublin,https://www.three.ie/stores/three-store-grafton-street,three.ie,"https://www.google.com/maps/search/?api=1&query=53.3403665,-6.2604938",,3 Store,53.3403665,-6.2604938,way,230479377
shop=mobile_phone,3 Store,35 Henry Street Dublin,https://www.three.ie/stores/three-store-henry-street,three.ie,"https://www.google.com/maps/search/?api=1&query=53.3497656,-6.2612514",,3 Store,53.3497656,-6.2612514,way,435840491
shop=mobile_phone,FM Mobiles,40 George's Street Great South Dublin,http://fmmobiles.ie/,fmmobiles.ie,"https://www.google.com/maps/search/?api=1&query=53.3418268,-6.2647615",+353 1 6750692,,53.3418268,-6.2647615,node,2997543387
shop=mobile_phone,IT Star,Rathmines Road Lower Dublin,https://itstar.ie/,itstar.ie,"https://www.google.com/maps/search/?api=1&query=53.3221106,-6.2655744",,,53.3221106,-6.2655744,node,2797135300
shop=mobile_phone,Mr. iPhone,2 Clanbrassil Street Upper Dublin,http://mriphonedublin.com/,mriphonedublin.com,"https://www.google.com/maps/search/?api=1&query=53.3320771,-6.2753727",+353 1 4411211,,53.3320771,-6.2753727,node,3028081128
shop=mobile_phone,Pair,32 Wicklow Street Dublin,https://pairmobile.ie/,pairmobile.ie,"https://www.google.com/maps/search/?api=1&query=53.3429539,-6.2611356",+353 170 79926,,53.3429539,-6.2611356,node,4100276892
shop=mobile_phone,Vodafone,Rock Hill Blackrock,https://www.vodafone.ie/,vodafone.ie,"https://www.google.com/maps/search/?api=1&query=53.3012784,-6.1813951",353-1-283-4111,Vodafone,53.3012784,-6.1813951,node,6680215401
shop=mobile_phone,Vodafone,,https://n.vodafone.ie/,n.vodafone.ie,"https://www.google.com/maps/search/?api=1&query=53.2925576,-6.1353506",+353 1 901 1113,Vodafone,53.2925576,-6.1353506,node,10918210702
shop=mobile_phone,Vodafone,48 Grafton Street Dublin,https://n.vodafone.ie/,n.vodafone.ie,"https://www.google.com/maps/search/?api=1&query=53.340272,-6.2605039",,Vodafone,53.340272,-6.2605039,way,230479371
shop=mobile_phone,iDFL,A96 HD51,https://idflmobile.com/,idflmobile.com,"https://www.google.com/maps/search/?api=1&query=53.2929732,-6.1395314",+353-1-561-4032,,53.2929732,-6.1395314,node,9407869217
shop=shoes,ASICS,43-44 O'Connell Street Lower Dublin,https://www.asics.com/ie/en-ie/store/0000004991/,asics.com,"https://www.google.com/maps/search/?api=1&query=53.3484908,-6.2601383",,ASICS,53.3484908,-6.2601383,node,10114707286
shop=shoes,Camper,Wicklow Street Dublin,https://www.camper.com/en_IE/shops/ireland/dublin/store_shoes_10_wicklow_st_dublin2-T101,camper.com,"https://www.google.com/maps/search/?api=1&query=53.3429349,-6.2606343",,Camper,53.3429349,-6.2606343,node,2826505974
shop=shoes,Carl Scarpa,Kilmacud Road Lower,https://www.carlscarpa.com/,carlscarpa.com,"https://www.google.com/maps/search/?api=1&query=53.289144,-6.2004512",+353-1-278-2644,,53.289144,-6.2004512,node,4080220589
shop=shoes,Carl Scarpa,Grafton Street Dublin,https://www.carlscarpa.com/en/Grafton-Street-Carl-Scarpa/cc-36.aspx,carlscarpa.com,"https://www.google.com/maps/search/?api=1&query=53.3417348,-6.2599907",,,53.3417348,-6.2599907,node,6772160814
shop=shoes,Clarks,Henry Street Dublin,https://www.clarks.ie/store-locator/Ireland/DUBLIN1/1901,clarks.ie,"https://www.google.com/maps/search/?api=1&query=53.3494515,-6.2618162",,Clarks,53.3494515,-6.2618162,node,10079507997
shop=shoes,Clarks,85-86 Grafton Street Dublin,https://www.clarks.ie/store-locator/Ireland/DUBLIN2/1903,clarks.ie,"https://www.google.com/maps/search/?api=1&query=53.3421305,-6.2602567",,Clarks,53.3421305,-6.2602567,way,271686285
shop=shoes,Cripps,4 Terenure Place Dublin,https://www.facebook.com/CrippsFootwear,facebook.com,"https://www.google.com/maps/search/?api=1&query=53.3095416,-6.2842708",+353 1 4907237,,53.3095416,-6.2842708,node,3108833952
shop=shoes,Dr. Martens,Grafton Street Dublin,https://www.drmartens.com/,drmartens.com,"https://www.google.com/maps/search/?api=1&query=53.3419092,-6.2597711",,Dr. Martens,53.3419092,-6.2597711,node,5781768897
shop=shoes,Dr. Martens,83 Grafton Street Dublin D02F798,https://www.drmartens.com/,drmartens.com,"https://www.google.com/maps/search/?api=1&query=53.3419713,-6.2601522",,Dr. Martens,53.3419713,-6.2601522,way,271686283
shop=shoes,Dubarry of Ireland,35 College Green Dublin,https://www.dubarry.com/ie/,dubarry.com,"https://www.google.com/maps/search/?api=1&query=53.3441711,-6.2598554",+353 1 6779001,,53.3441711,-6.2598554,node,3003815620
shop=shoes,Dune London,69 Grafton Street Dublin,https://www.dunelondon.com,dunelondon.com,"https://www.google.com/maps/search/?api=1&query=53.3410866,-6.260689",,Dune London,53.3410866,-6.260689,node,6187145170
shop=shoes,Dune London,Sandyford Road,https://www.dunelondon.com/,dunelondon.com,"https://www.google.com/maps/search/?api=1&query=53.2868943,-6.2418515",,,53.2868943,-6.2418515,node,11825051329
shop=shoes,Ecco,11 Wicklow Street Dublin,https://ie.ecco.com/en-IE/CustomerCare/StoreFinder?lat=53.3430838&lng=-6.2613875&id=0001051205,ie.ecco.com,"https://www.google.com/maps/search/?api=1&query=53.3429552,-6.2607001",,Ecco,53.3429552,-6.2607001,node,2826508118
shop=shoes,Ecco,Old Dublin Road,https://ie.ecco.com/en-IE,ie.ecco.com,"https://www.google.com/maps/search/?api=1&query=53.2896302,-6.2008088",+353-1-288-0859,Ecco,53.2896302,-6.2008088,node,3584234272
shop=shoes,Ecco,14 George's Street Upper Dún Laoghaire,https://ie.ecco.com/,ie.ecco.com,"https://www.google.com/maps/search/?api=1&query=53.2918241,-6.135297",,Ecco,53.2918241,-6.135297,node,4558970185
shop=shoes,Ecco,30 Grafton Street Dublin,https://ie.ecco.com/en-IE/CustomerCare/StoreFinder?lat=53.34157131&lng=-6.260051728&id=0001044461,ie.ecco.com,"https://www.google.com/maps/search/?api=1&query=53.3414293,-6.2601208",,Ecco,53.3414293,-6.2601208,way,249260481
shop=shoes,Fay's Dancing Shoes,54 Dorset Street Lower,https://www.fays-shoes.com/,fays-shoes.com,"https://www.google.com/maps/search/?api=1&query=53.36099,-6.2598569",+353-1-8555421,,53.36099,-6.2598569,node,1350207383
shop=shoes,Foot Locker,49 O'Connell Street Lower Dublin D01 CK02,https://stores.footlocker.ie/en/ie-d/dublin/49-lower-oconnell-street-205_31_04703.html,stores.footlocker.ie,"https://www.google.com/maps/search/?api=1&query=53.3479579,-6.2600285",+35315691038,Foot Locker,53.3479579,-6.2600285,way,249210751
shop=shoes,Foot Solutions,Old Dublin Road,https://www.footsolutions.ie/stillorgan/,footsolutions.ie,"https://www.google.com/maps/search/?api=1&query=53.2897028,-6.2004893",+353 1 2121 040,Foot Solutions,53.2897028,-6.2004893,node,3750529743
shop=shoes,Foot Solutions,61 George's Street Great South Dublin,https://www.footsolutions.ie/locations/foot-solutions-georges-street/,footsolutions.ie,"https://www.google.com/maps/search/?api=1&query=53.3423131,-6.2650033",,Foot Solutions,53.3423131,-6.2650033,way,549576992
shop=shoes,King of Trainers,40 Grafton Street Dublin,https://www.jdsports.com/king-of-trainers,jdsports.com,"https://www.google.com/maps/search/?api=1&query=53.3407731,-6.26055",,,53.3407731,-6.26055,node,6187145164
shop=shoes,Office,,https://www.office.co.uk/view/content/storelocator?storename=Office%20Dundrum,office.co.uk,"https://www.google.com/maps/search/?api=1&query=53.286611,-6.2410258",,Office,53.286611,-6.2410258,node,11940354103
shop=shoes,Office,7 Grafton Street Dublin,https://www.office.co.uk/view/content/storelocator?storename=Office%20Grafton%20Street,office.co.uk,"https://www.google.com/maps/search/?api=1&query=53.3427431,-6.259378",,Office,53.3427431,-6.259378,way,271971145
shop=shoes,RAINS,Wicklow Street Dublin,https://www.rains.com/,rains.com,"https://www.google.com/maps/search/?api=1&query=53.3431077,-6.2615758",,,53.3431077,-6.2615758,node,12093934863
shop=shoes,Scarlet Slippers,134 Terenure Road North Dublin,https://scarletslippersterenure.wordpress.com/,scarletslippersterenure.wordpress.com,"https://www.google.com/maps/search/?api=1&query=53.3101576,-6.2835857",+353 1 4990532,,53.3101576,-6.2835857,node,3106286538
shop=shoes,Schuh,47-48 O'Connell Street Lower Dublin D01 PK22,https://www.schuh.ie/stores/dublin-o'connell-street/,schuh.ie,"https://www.google.com/maps/search/?api=1&query=53.3480421,-6.2600419",+353-1-2476147,Schuh,53.3480421,-6.2600419,way,249210757
shop=shoes,Shoe,18 Georges Street Upper Dún Laoghaire A96 T1X6,https://shoeonline.ie,shoeonline.ie,"https://www.google.com/maps/search/?api=1&query=53.2917175,-6.1349764",+353-1-280-3114,,53.2917175,-6.1349764,node,6184960052
shop=shoes,Size,26 Wicklow Street Dublin,https://www.sizeofficial.ie/store-locator/dublin/251/,sizeofficial.ie,"https://www.google.com/maps/search/?api=1&query=53.3429758,-6.2615969",,,53.3429758,-6.2615969,node,4583102538
shop=shoes,Thomas Patrick,77 Grafton Street Dublin,https://www.thomaspatrick.com/,thomaspatrick.com,"https://www.google.com/maps/search/?api=1&query=53.3416378,-6.2603972",,,53.3416378,-6.2603972,way,249263087
shop=shoes,dopl.,36 Wicklow Street Dublin,https://dopl.ie,dopl.ie,"https://www.google.com/maps/search/?api=1&query=53.3428324,-6.2608395",+353-1-675-3766,Birkenstock,53.3428324,-6.2608395,way,273993000
